Label,Probability
bookshop,0.545003
library,0.44497126
bookcase,0.009534555
shoji,0.00013092408
prison,7.686155e-05
