Label,Probability
golfcart,0.928473
swing,0.04177274
barrow,0.005001567
rifle,0.004021153
shovel,0.002456195
