Label,Probability
library,0.7681227
bookshop,0.22210295
shoji,0.0030642252
bookcase,0.0024935699
prison,0.00089597027
